,Active Learning Iteration,Labeled Database Size,Unlabeled Database Size,Precision (Tag),Recall (Tag),F1 Score (Tag),Hamming Loss,Accuracy (Tag List)
0,1,1452,5804,0.38720422696990575,0.34272340914311966,0.35061451872272,0.061409902984679,0.23569951757408683
1,2,6166,1090,0.5498470948012232,0.5058103975535169,0.5135779816513761,0.04562455892731122,0.40642201834862385
2,3,6734,522,0.6950830140485312,0.6522988505747126,0.6611749680715198,0.03234600648393752,0.5670498084291188
3,4,6782,475,0.723859649122807,0.6803508771929824,0.6897543859649122,0.0297165991902834,0.5957894736842105
4,5,6797,460,0.7322463768115942,0.6884057971014492,0.6977536231884057,0.029096989966555183,0.6021739130434782
5,6,6801,456,0.7342836257309941,0.6911549707602338,0.7002192982456139,0.028930499325236166,0.6052631578947368
