,Active Learning Iteration,Labeled Database Size,Unlabeled Database Size,Precision (Tag),Recall (Tag),F1 Score (Tag),Hamming Loss,Accuracy (Tag List)
0,1,2177,5079,0.41679792610093847,0.37553324145172934,0.3815758632651722,0.0591879079770397,0.2650127977948415
1,2,4138,3118,0.4576651699807569,0.4174951892238615,0.42413940560188157,0.05349829772536636,0.3181526619627967
2,3,4819,2437,0.4866639310627821,0.4454588975516345,0.4531938175352209,0.05025093904864114,0.35125153877718507
3,4,5050,2206,0.49705349048050773,0.4571245089150801,0.46456633423995164,0.04921891345282098,0.36627379873073435
4,5,5137,2119,0.5006292276230927,0.4603193330187195,0.4677992763882334,0.04875304025846735,0.3704577630957999
5,6,5173,2084,0.5020793346129239,0.4616522712731926,0.46925783749200256,0.04861213642403662,0.3723608445297505
6,7,5192,2065,0.5029055690072639,0.46154156577885386,0.46970137207425344,0.048519277332836654,0.3728813559322034
7,8,5208,2049,0.5029282576866764,0.4609972344232959,0.4695461200585651,0.048503960656230055,0.3738408979990239
