,Active Learning Iteration,Labeled Database Size,Unlabeled Database Size,Precision (Tag),Recall (Tag),F1 Score (Tag),Hamming Loss,Accuracy (Tag List)
0,1,1452,5804,0.39940845393981167,0.34397254766827473,0.35589823110498503,0.06062132216508509,0.2346657477601654
1,2,2339,4917,0.39390549793234353,0.34433258762117824,0.3549386482272388,0.059698690571173794,0.24486475493186902
2,3,2680,4576,0.3946678321678322,0.34453307109557113,0.35583479020979025,0.05927245831091985,0.24890734265734266
3,4,2830,4426,0.3931314957071848,0.3442159963849977,0.355068534417834,0.05916090236017936,0.25056484410302754
4,5,2902,4354,0.3940820701270862,0.34424284183126624,0.3557112233961108,0.05901734921027525,0.2535599448782728
5,6,2962,4294,0.39209750038813845,0.34456994255550377,0.3551932929669306,0.05903586399627387,0.2536096879366558
6,7,2999,4257,0.39025918095685536,0.3424751389867669,0.353339597525644,0.05912433819410563,0.25346488137185813
7,8,3018,4238,0.39342457133868175,0.3460948560641812,0.35645744848198835,0.058853958688786435,0.255545068428504
