,Active Learning Iteration,Labeled Database Size,Unlabeled Database Size,Precision (Tag),Recall (Tag),F1 Score (Tag),Hamming Loss,Accuracy (Tag List)
0,1,1452,5804,0.4074201699977028,0.35364978175970596,0.36512175511141737,0.060137570906006466,0.24241902136457616
1,2,2385,4871,0.4209950044480941,0.37083418873605695,0.38044207212755765,0.057988408635093094,0.2557996304660234
2,3,2790,4466,0.4237945962083893,0.373320644872369,0.38360203015375427,0.05739949705466947,0.2644424540976265
3,4,2975,4281,0.42906641750369856,0.38267928054192946,0.3913805185704275,0.05647494295006558,0.2744685821069843
4,5,3089,4167,0.4310055195584353,0.3833493320534357,0.392545739198007,0.05637702829927452,0.2759779217662587
5,6,3140,4116,0.4362649821833495,0.3867630385487529,0.3969306770327179,0.05590752784630336,0.28012633624878525
6,7,3171,4085,0.43096695226438186,0.38488372093023254,0.39370985603543746,0.056218811787967234,0.27906976744186046
7,8,3195,4061,0.4317081178691619,0.384531724534187,0.39371372286910333,0.05618169075445608,0.27899532134942134
