,Active Learning Iteration,Labeled Database Size,Unlabeled Database Size,Precision (Tag),Recall (Tag),F1 Score (Tag),Hamming Loss,Accuracy (Tag List)
0,1,1452,5804,0.38100160808637723,0.337942223753733,0.34444635883298874,0.06162858506070084,0.22191592005513439
1,2,4142,3114,0.43727253264825516,0.3939199314921858,0.4025797473774352,0.05495034830294946,0.3015414258188825
2,3,4835,2421,0.46234338427646976,0.4170797191243288,0.42679333608701636,0.05228290916023258,0.32837670384138784
3,4,5032,2225,0.46808988764044945,0.4237078651685393,0.4331385767790262,0.05165082108902334,0.3348314606741573
4,5,5105,2152,0.4776177199504337,0.4319625154894671,0.44180607187112764,0.050882899628252785,0.34107806691449816
5,6,5144,2113,0.47688909922700745,0.43196876478939894,0.44161539675027606,0.05094834176708289,0.34264079507808803
6,7,5155,2102,0.477243894703457,0.4308198541071995,0.44132572153504596,0.05094049623069604,0.3434823977164605
7,8,5164,2093,0.477384933906673,0.4321946169772256,0.44202898550724634,0.050883898709985664,0.34400382226469184
