,Active Learning Iteration,Labeled Database Size,Unlabeled Database Size,Precision (Tag),Recall (Tag),F1 Score (Tag),Hamming Loss,Accuracy (Tag List)
0,1,1452,5804,0.38100160808637723,0.337942223753733,0.34444635883298874,0.06162858506070084,0.22191592005513439
1,2,2345,4911,0.39418312631507496,0.35143894658250185,0.359140316684605,0.059536675908087026,0.25066177967827324
2,3,2702,4554,0.38826672522324696,0.3461791831357049,0.3543917435221783,0.05929698321002669,0.25428194993412384
3,4,2853,4403,0.3854947384359149,0.34495419789537435,0.3528654705125293,0.05928650046297105,0.2552804905746082
4,5,2909,4347,0.38620504562533553,0.3441453876236485,0.35304041101142547,0.05922740705349401,0.2578789970094318
5,6,2933,4323,0.38642146657413834,0.3429717017503277,0.35258693808312125,0.05917365077670421,0.25699745547073793
6,7,2952,4304,0.3895600991325898,0.3500619578686493,0.3580390334572491,0.058737846725764944,0.26440520446096655
7,8,2974,4282,0.3845555036587265,0.3439202864704966,0.35196948466448696,0.059156397082599795,0.2547874824848202
