,Active Learning Iteration,Labeled Database Size,Unlabeled Database Size,Precision (Tag),Recall (Tag),F1 Score (Tag),Hamming Loss,Accuracy (Tag List)
0,1,1452,5804,0.3938088674477372,0.3505484723179416,0.35688605559384334,0.06114483380162222,0.23811164713990352
1,2,1468,5788,0.39005989403363284,0.3457008753743377,0.35289103893112184,0.0614068895858806,0.23565998617829992
2,3,1477,5779,0.3951664071061891,0.3495558631827882,0.3572021852520209,0.06098340144022788,0.2394878006575532
3,4,1481,5775,0.3922077922077922,0.3470274170274171,0.3545281385281385,0.06119214119214119,0.2374025974025974
4,5,1484,5772,0.39991914991914984,0.3549174174174174,0.36231808731808735,0.06053760861453169,0.2442827442827443
