,Active Learning Iteration,Labeled Database Size,Unlabeled Database Size,Precision (Tag),Recall (Tag),F1 Score (Tag),Hamming Loss,Accuracy (Tag List)
0,1,1771,15935,0.6349900638008577,0.4774186800543876,0.5130706319096654,0.04173712463640295,0.23953561342955756
1,2,5291,12431,0.6769098758480143,0.5181146595875902,0.5544783714037999,0.03694990944608836,0.28131284691497066
2,3,7472,10268,0.713543695623945,0.557351318010648,0.5933192813549261,0.03282567725497215,0.32450331125827814
3,4,8236,9508,0.7282025662599916,0.5699621371476651,0.6067426928701645,0.03157511739758269,0.33992427429533023
4,5,8522,9223,0.7340254436372836,0.5754870071198814,0.612396028562135,0.031021154516763322,0.3472839640030359
5,6,8638,9107,0.7357161158083526,0.5776106291863402,0.6142276741595947,0.030905837208681175,0.3490721423081146
6,7,8694,9052,0.7372588010016203,0.5779109589041096,0.6151431938219389,0.03083684656817666,0.3504197967300044
7,8,8720,9026,0.7377760543614742,0.5790955757441466,0.6161026874742805,0.030763979135350727,0.3510968313760248
