,Active Learning Iteration,Labeled Database Size,Unlabeled Database Size,Precision (Tag),Recall (Tag),F1 Score (Tag),Hamming Loss,Accuracy (Tag List)
0,1,3542,14164,0.6480219806081143,0.49815965358185066,0.5315789975031714,0.040429867879740795,0.2551539113244846
1,2,6557,11201,0.6890158616790167,0.5373776150938905,0.5709675865108416,0.03568938101569117,0.29568788501026694
2,3,7672,10103,0.7110874657692434,0.5567669669075191,0.5917264870249132,0.03365069513738226,0.31812332970404833
3,4,7998,9783,0.7172152373164332,0.5653327200245323,0.5995752268674684,0.032936340204049494,0.32628028212204846
4,5,8103,9679,0.7199590178048697,0.5683059544718807,0.6026100525273994,0.032631246806264884,0.32968281847298275
5,6,8159,9623,0.7223475007793827,0.5705150853857078,0.6047144820032693,0.03255432508264265,0.3304582770445807
6,7,8185,9597,0.7223420513354867,0.5705984509047966,0.6045674822323774,0.03256085094159492,0.3297905595498593
7,8,8194,9588,0.7232286886385759,0.5708993881240438,0.6051076577202984,0.032523762811622635,0.3306216103462662
