,Active Learning Iteration,Labeled Database Size,Unlabeled Database Size,Precision (Tag),Recall (Tag),F1 Score (Tag),Hamming Loss,Accuracy (Tag List)
0,1,3542,14164,0.6457427280429257,0.4843570554457309,0.5227185621495138,0.0407885999526779,0.2482349618751765
1,2,4654,13074,0.6535605017592168,0.49187955739126,0.530790178495548,0.03908107281214211,0.26219978583448067
2,3,5214,12528,0.6611776287782035,0.49819737122179647,0.5377011367552555,0.03807902730316524,0.2696360153256705
3,4,5513,12233,0.6657115997711109,0.5008665086242131,0.5412327960149427,0.03752366770432658,0.275157361236001
4,5,5656,12095,0.6689734049882872,0.5038927931652198,0.5443109116321188,0.037198753114420745,0.27755270773046714
5,6,5737,12017,0.6700701783584366,0.5049804443704751,0.5453073093540765,0.03706685798722081,0.2782724473662312
6,7,5792,11963,0.6711164980913371,0.5064978127002703,0.5465378037308155,0.03697888308771866,0.2789434088439355
7,8,5823,11932,0.6724131187842216,0.5077648340596714,0.547543088081137,0.03688015873734948,0.2784948038887026
