,Active Learning Iteration,Labeled Database Size,Unlabeled Database Size,Precision (Tag),Recall (Tag),F1 Score (Tag),Hamming Loss,Accuracy (Tag List)
0,1,1452,5804,0.39326326671261197,0.35946473696301395,0.3626119917298415,0.06101892593967025,0.25086147484493454
1,2,2775,4481,0.4185821617198542,0.3863720895633415,0.38982370006694933,0.05704427239798809,0.28721267574202186
2,3,3356,3901,0.4253610185422541,0.3931470563103478,0.39712894129710324,0.05553802772464654,0.29966675211484234
3,4,3567,3690,0.4263324299909666,0.3953477868112015,0.39899728997289974,0.05519074421513446,0.3046070460704607
4,5,3643,3614,0.42399926212875855,0.39231691569821064,0.3964766648219885,0.05535098548380231,0.3016048699501937
5,6,3677,3580,0.42700186219739295,0.3936219739292365,0.3986405959031657,0.05514611087236786,0.3053072625698324
6,7,3696,3561,0.4272676214546476,0.39338200879902646,0.39858653936160254,0.05510552351327414,0.30468969390620615
7,8,3705,3552,0.42572259759759756,0.3932057057057057,0.3977946696696697,0.05525597713097713,0.3043355855855856
