,Active Learning Iteration,Labeled Database Size,Unlabeled Database Size,Precision (Tag),Recall (Tag),F1 Score (Tag),Hamming Loss,Accuracy (Tag List)
0,1,726,6530,0.3642164369576314,0.321337417049515,0.32712243856194856,0.06346448344916951,0.2012251148545176
1,2,3884,3372,0.4277382364570977,0.3786081455120601,0.38929418742586,0.05612966511543024,0.27876631079478054
2,3,4740,2516,0.4609167991520932,0.4108704292527822,0.42211181770005296,0.052479515714809834,0.3143879173290938
3,4,4979,2277,0.47196603718342844,0.42296149904845554,0.43431415605328644,0.05133272524576873,0.33201581027667987
4,5,5076,2180,0.47530581039755354,0.42400611620795103,0.4366207951070336,0.051040931545518704,0.33532110091743117
5,6,5111,2145,0.4774669774669774,0.4280497280497281,0.44,0.05083378160301237,0.34032634032634035
6,7,5122,2134,0.47805373320837236,0.4298656669790691,0.4412527335207747,0.050717323913200205,0.3416119962511715
7,8,5130,2126,0.47883349012229537,0.429601756036375,0.4414393226716839,0.050709168536073525,0.34148635936030103
