,Active Learning Iteration,Labeled Database Size,Unlabeled Database Size,Precision (Tag),Recall (Tag),F1 Score (Tag),Hamming Loss,Accuracy (Tag List)
0,1,3542,14164,0.6558505130377483,0.4940553515955945,0.5318314820044557,0.04033827671218239,0.2514120304998588
1,2,8630,9152,0.7159273018648019,0.5605150058275059,0.5955507166444667,0.03331128331128331,0.32386363636363635
2,3,10513,7289,0.7532354689715095,0.6003384094754654,0.6347395618969222,0.029511333256702993,0.36603100562491425
3,4,10990,6815,0.7687943262411348,0.613570555147958,0.6486269783041609,0.028474549384307272,0.37872340425531914
4,5,11167,6640,0.7752259036144579,0.6193599397590361,0.6547565261044178,0.028016118528166722,0.38524096385542167
5,6,11247,6560,0.7774644308943088,0.6222510162601625,0.6572738821138212,0.027830421885299935,0.38704268292682925
6,7,11281,6526,0.7788333844110735,0.6245530697721933,0.6591104446682137,0.02773521299417714,0.38829298191847994
7,8,11297,6510,0.7787762416794676,0.6246492575524832,0.6592447516641066,0.0277120438410761,0.38878648233486945
