,Active Learning Iteration,Labeled Database Size,Unlabeled Database Size,Precision (Tag),Recall (Tag),F1 Score (Tag),Hamming Loss,Accuracy (Tag List)
0,1,5312,12394,0.6629632617933409,0.5044255284815233,0.5412364149575704,0.03958541404079568,0.26044860416330484
1,2,6012,11711,0.6682264537614209,0.5082885036859932,0.54619493543582,0.038201552248175084,0.2709418495431645
2,3,6217,11508,0.6748160699803035,0.5152560537597034,0.5523490904877767,0.03756024011498464,0.27433090024330903
3,4,6307,11420,0.674514010507881,0.5164200233508465,0.5530265754871709,0.03742604250485161,0.2752189141856392
4,5,6362,11366,0.673825444307584,0.5157457915420259,0.5525092939398764,0.037370821463730136,0.2759985922928031
5,6,6395,11336,0.6746838979063748,0.5176649611856033,0.5539662236336548,0.0372599134067024,0.2782286520818631
6,7,6421,11310,0.6738770999115827,0.514622752726201,0.5518155025051578,0.037321671804430426,0.2753315649867374
7,8,6434,11297,0.6751172877755156,0.5165604437756336,0.5535886054873397,0.03718758149137896,0.27812693635478447
