,Active Learning Iteration,Labeled Database Size,Unlabeled Database Size,Precision (Tag),Recall (Tag),F1 Score (Tag),Hamming Loss,Accuracy (Tag List)
0,1,3542,14164,0.6479513790831216,0.4998988044808434,0.5322230963363411,0.04027912408313425,0.2526828579497317
1,2,10534,7252,0.7462194337194337,0.5949393270821842,0.6287946838967247,0.030172478048925925,0.3615554329840044
2,3,12364,5445,0.7928527701254975,0.6456779920416283,0.6773934146661419,0.026173280718735266,0.41120293847566575
3,4,12747,5066,0.8070963284642716,0.6615311225161206,0.6923481473126163,0.02517045272671013,0.424003158310304
4,5,12860,4955,0.8118230743356878,0.6646115035317861,0.6962197876123204,0.024828865192134616,0.429263370332997
5,6,12913,4904,0.8138424415443176,0.6650659325720499,0.6972476306999146,0.02476191525946828,0.42924143556280586
6,7,12930,4887,0.8137746402018962,0.6652649887456517,0.6973062644333362,0.024759566196030286,0.4293022304072028
7,8,12939,4878,0.8134310509771765,0.6661165778324449,0.6975677971065425,0.024738760901122526,0.42947929479294794
