,Active Learning Iteration,Labeled Database Size,Unlabeled Database Size,Precision (Tag),Recall (Tag),F1 Score (Tag),Hamming Loss,Accuracy (Tag List)
0,1,3542,14164,0.6529334933634566,0.500360067777464,0.5343292630993846,0.040136012883824235,0.25134142897486583
1,2,6696,11056,0.6913289917993247,0.535487518089725,0.5714442922610433,0.035526753236594044,0.29748552821997104
2,3,8080,9694,0.7143937830960732,0.5556392270132727,0.5928613182429976,0.03308259776178076,0.32329275840726224
3,4,8615,9170,0.7237459105779717,0.5649200290803345,0.6021223451212546,0.03216422529399628,0.335659760087241
4,5,8808,8978,0.7266094898641122,0.5687161208880969,0.6054588464924843,0.031855647137447096,0.33905101358877254
5,6,8906,8881,0.7304732950493563,0.5717768269339039,0.6088342689851529,0.03158275942872272,0.34230379461772326
6,7,8957,8831,0.7310044162608991,0.5737043747404975,0.6101606354239126,0.03149531594781283,0.3441286377533688
7,8,8993,8795,0.7330490809171877,0.5746124692059882,0.6115363166301199,0.031399904737028105,0.34474133030130755
