,Active Learning Iteration,Labeled Database Size,Unlabeled Database Size,Precision (Tag),Recall (Tag),F1 Score (Tag),Hamming Loss,Accuracy (Tag List)
0,1,3542,14164,0.6430257460227807,0.4905617528005271,0.5248705638708463,0.040666478395933355,0.2514826320248517
1,2,4189,13530,0.652070707070707,0.49977580684897754,0.5335613392930466,0.039240127045005097,0.25957132298595714
2,3,4507,13219,0.6528153919862822,0.4967370199460373,0.532335130890241,0.03896111861918655,0.2609879718586883
3,4,4627,13102,0.65618353432046,0.5005368137180074,0.5358207761810265,0.03863449772471296,0.2630896046405129
4,5,4679,13050,0.6559821200510855,0.4996091954022988,0.5353056011676701,0.038637257947602775,0.2639080459770115
5,6,4705,13024,0.6565302518427518,0.5014575655200655,0.5364612583362584,0.03854630121522013,0.26504914004914004
6,7,4724,13005,0.6567525310777905,0.5011316160451108,0.536295380897457,0.0385257229547887,0.26443675509419456
7,8,4738,12992,0.6547028940886699,0.49972803776683083,0.5346060945930097,0.038622520303554786,0.2636237684729064
