,Active Learning Iteration,Labeled Database Size,Unlabeled Database Size,Precision (Tag),Recall (Tag),F1 Score (Tag),Hamming Loss,Accuracy (Tag List)
0,1,2177,5079,0.4042462426986939,0.3568944017851283,0.3663910218546958,0.060452542141851064,0.2547745619216381
1,2,2906,4350,0.4111494252873563,0.36490421455938693,0.37392337164750955,0.05872679045092838,0.2618390804597701
2,3,3186,4070,0.4167485667485667,0.36852989352989357,0.3788370188370188,0.057947457947457946,0.27174447174447175
3,4,3286,3970,0.4233837111670865,0.375230898404702,0.38623845507976495,0.0571207130401085,0.2841309823677582
4,5,3346,3910,0.4251065643648764,0.3776641091219097,0.38807331628303493,0.05700373795002951,0.28337595907928387
5,6,3377,3879,0.42416430351465156,0.37522557360144365,0.3863366847125548,0.057013108057191585,0.28100025779840165
6,7,3401,3855,0.42619974059662774,0.37864245568525723,0.3892261132728059,0.05678938441584356,0.2848249027237354
7,8,3417,3839,0.4177303117131197,0.36858556915863505,0.3801250325605626,0.05749694431642856,0.2784579317530607
