,Active Learning Iteration,Labeled Database Size,Unlabeled Database Size,Precision (Tag),Recall (Tag),F1 Score (Tag),Hamming Loss,Accuracy (Tag List)
0,1,5312,12394,0.6522107471357108,0.4974692055295573,0.533216533345628,0.04009132579408519,0.2556882362433436
1,2,8032,9736,0.6937568474390577,0.5360808682552725,0.5733109946750046,0.03507184259033068,0.3042317173377157
2,3,9083,8725,0.7140210124164279,0.5540420248328557,0.5922330468003819,0.0330271819097034,0.323323782234957
3,4,9480,8337,0.7219823277757785,0.5620267082483708,0.5998834798402989,0.032307946665629285,0.3310543360921195
4,5,9649,8170,0.7239086087311302,0.5651774785801712,0.602515591303841,0.032081775778226206,0.33561811505507955
5,6,9719,8100,0.7252880658436214,0.5653251028806584,0.6030593768371546,0.03201868535201868,0.33567901234567904
6,7,9749,8072,0.7274735711925998,0.5672138255698712,0.6050769267072537,0.031898722310020625,0.3378344895936571
7,8,9773,8048,0.7271578860172299,0.5666790921139827,0.6046163495219161,0.03190653377035087,0.33735089463220674
